Workbook

Sheet Usage Log
A1: REFRIGERANT USAGE LOG
A2: Organization / Facility: [Enter Name] | Department: [Enter Department] | Log Period: [YYYY – YYYY]
A3: ▶ Enter each refrigerant usage event in a new row. Date, Refrigerant Type, and Qty are required. Columns I (Fiscal Year) uses an auto-formula — do not overwrite.
A4: ⚠ EPA §608: Purchases of >2 lbs require records. Venting is prohibited. Retain records ≥ 3 years. Technicians must hold current EPA 608 certification.
A5: Date | B5: Refrigerant Type | C5: Qty (lbs) | D5: Facility / Site | E5: Building / Unit / Asset | F5: Technician Name | G5: EPA 608 Cert # | H5: Action Type | I5: Fiscal Year (Auto) | J5: Notes / Work Order
A6: [Date] | B6: R410A | C6: [lbs] | D6: [Site Name] | E6: [Bldg / Unit] | F6: [Tech Name] | G6: [Cert #] | H6: Charge | I6: =IFERROR(IF(A6="","",IF(MONTH(A6)>=10,"FY"&(YEAR(A6)+1),"FY"&YEAR(A6))),"") | J6: [Work order or notes]
A7: [Date] | B7: R22 | C7: [lbs] | D7: [Site Name] | E7: [Bldg / Unit] | F7: [Tech Name] | G7: [Cert #] | H7: Recovery | I7: =IFERROR(IF(A7="","",IF(MONTH(A7)>=10,"FY"&(YEAR(A7)+1),"FY"&YEAR(A7))),"") | J7: [Work order or notes]
I8: =IFERROR(IF(A8="","",IF(MONTH(A8)>=10,"FY"&(YEAR(A8)+1),"FY"&YEAR(A8))),"")
I9: =IFERROR(IF(A9="","",IF(MONTH(A9)>=10,"FY"&(YEAR(A9)+1),"FY"&YEAR(A9))),"")
I10: =IFERROR(IF(A10="","",IF(MONTH(A10)>=10,"FY"&(YEAR(A10)+1),"FY"&YEAR(A10))),"")
I11: =IFERROR(IF(A11="","",IF(MONTH(A11)>=10,"FY"&(YEAR(A11)+1),"FY"&YEAR(A11))),"")
I12: =IFERROR(IF(A12="","",IF(MONTH(A12)>=10,"FY"&(YEAR(A12)+1),"FY"&YEAR(A12))),"")
I13: =IFERROR(IF(A13="","",IF(MONTH(A13)>=10,"FY"&(YEAR(A13)+1),"FY"&YEAR(A13))),"")
I14: =IFERROR(IF(A14="","",IF(MONTH(A14)>=10,"FY"&(YEAR(A14)+1),"FY"&YEAR(A14))),"")
I15: =IFERROR(IF(A15="","",IF(MONTH(A15)>=10,"FY"&(YEAR(A15)+1),"FY"&YEAR(A15))),"")
I16: =IFERROR(IF(A16="","",IF(MONTH(A16)>=10,"FY"&(YEAR(A16)+1),"FY"&YEAR(A16))),"")
I17: =IFERROR(IF(A17="","",IF(MONTH(A17)>=10,"FY"&(YEAR(A17)+1),"FY"&YEAR(A17))),"")
I18: =IFERROR(IF(A18="","",IF(MONTH(A18)>=10,"FY"&(YEAR(A18)+1),"FY"&YEAR(A18))),"")
I19: =IFERROR(IF(A19="","",IF(MONTH(A19)>=10,"FY"&(YEAR(A19)+1),"FY"&YEAR(A19))),"")
... I1005: =IFERROR(IF(A1005="","",IF(MONTH(A1005)>=10,"FY"&(YEAR(A1005)+1),"FY"&YEAR(A1005))),"")

Sheet Dashboard
A1: REFRIGERANT USAGE DASHBOARD
A2: Auto-calculated from Usage Log | Refresh by pressing Ctrl+Alt+F9 (or open/save workbook)
A4: Total Records | B4: =COUNTA('Usage Log'!A6:A1005) -> 2 | C4: Total Usage (lbs) | D4: =IFERROR(SUMPRODUCT(('Usage Log'!B6:B1005<>"")*('Usage Log'!C6:C1005)),0) -> 0 | E4: Distinct Refrigerant Types | F4: =IFERROR(SUMPRODUCT((1/COUNTIF('Usage Log'!B6:B1005,'Usage Log'!B6:B1005))*('Usage Log'!B6:B1005<>"")),0) -> 0 | G4: Most Recent Entry | H4: =IFERROR(TEXT(MAX('Usage Log'!A6:A1005),"MM/DD/YYYY"),"—") -> 12/30/1899
A6: USAGE SUMMARY BY REFRIGERANT TYPE
A7: Refrigerant Type | B7: Total Usage (lbs) | C7: Record Count | D7: % of Total
A8: R410A | B8: =IFERROR(SUMIF('Usage Log'!B$6:B$1005,A8,'Usage Log'!C$6:C$1005),0) -> 0 | C8: =COUNTIF('Usage Log'!B$6:B$1005,A8) -> 1 | D8: =IFERROR(B8/SUM(B$8:B$20),0) -> 0
A9: R22 | B9: =IFERROR(SUMIF('Usage Log'!B$6:B$1005,A9,'Usage Log'!C$6:C$1005),0) -> 0 | C9: =COUNTIF('Usage Log'!B$6:B$1005,A9) -> 1 | D9: =IFERROR(B9/SUM(B$8:B$20),0) -> 0
A10: R404A | B10: =IFERROR(SUMIF('Usage Log'!B$6:B$1005,A10,'Usage Log'!C$6:C$1005),0) -> 0 | C10: =COUNTIF('Usage Log'!B$6:B$1005,A10) -> 0 | D10: =IFERROR(B10/SUM(B$8:B$20),0) -> 0
A11: R134A | B11: =IFERROR(SUMIF('Usage Log'!B$6:B$1005,A11,'Usage Log'!C$6:C$1005),0) -> 0 | C11: =COUNTIF('Usage Log'!B$6:B$1005,A11) -> 0 | D11: =IFERROR(B11/SUM(B$8:B$20),0) -> 0
A12: R507A | B12: =IFERROR(SUMIF('Usage Log'!B$6:B$1005,A12,'Usage Log'!C$6:C$1005),0) -> 0 | C12: =COUNTIF('Usage Log'!B$6:B$1005,A12) -> 0 | D12: =IFERROR(B12/SUM(B$8:B$20),0) -> 0
A13: R32 | B13: =IFERROR(SUMIF('Usage Log'!B$6:B$1005,A13,'Usage Log'!C$6:C$1005),0) -> 0 | C13: =COUNTIF('Usage Log'!B$6:B$1005,A13) -> 0 | D13: =IFERROR(B13/SUM(B$8:B$20),0) -> 0
A14: R407C | B14: =IFERROR(SUMIF('Usage Log'!B$6:B$1005,A14,'Usage Log'!C$6:C$1005),0) -> 0 | C14: =COUNTIF('Usage Log'!B$6:B$1005,A14) -> 0 | D14: =IFERROR(B14/SUM(B$8:B$20),0) -> 0
A15: R448A | B15: =IFERROR(SUMIF('Usage Log'!B$6:B$1005,A15,'Usage Log'!C$6:C$1005),0) -> 0 | C15: =COUNTIF('Usage Log'!B$6:B$1005,A15) -> 0 | D15: =IFERROR(B15/SUM(B$8:B$20),0) -> 0
A16: R449A | B16: =IFERROR(SUMIF('Usage Log'!B$6:B$1005,A16,'Usage Log'!C$6:C$1005),0) -> 0 | C16: =COUNTIF('Usage Log'!B$6:B$1005,A16) -> 0 | D16: =IFERROR(B16/SUM(B$8:B$20),0) -> 0
A17: R1234yf | B17: =IFERROR(SUMIF('Usage Log'!B$6:B$1005,A17,'Usage Log'!C$6:C$1005),0) -> 0 | C17: =COUNTIF('Usage Log'!B$6:B$1005,A17) -> 0 | D17: =IFERROR(B17/SUM(B$8:B$20),0) -> 0
A18: R1234ze | B18: =IFERROR(SUMIF('Usage Log'!B$6:B$1005,A18,'Usage Log'!C$6:C$1005),0) -> 0 | C18: =COUNTIF('Usage Log'!B$6:B$1005,A18) -> 0 | D18: =IFERROR(B18/SUM(B$8:B$20),0) -> 0
A19: R290 | B19: =IFERROR(SUMIF('Usage Log'!B$6:B$1005,A19,'Usage Log'!C$6:C$1005),0) -> 0 | C19: =COUNTIF('Usage Log'!B$6:B$1005,A19) -> 0 | D19: =IFERROR(B19/SUM(B$8:B$20),0) -> 0
A20: Other | B20: =IFERROR(SUMIF('Usage Log'!B$6:B$1005,A20,'Usage Log'!C$6:C$1005),0) -> 0 | C20: =COUNTIF('Usage Log'!B$6:B$1005,A20) -> 0 | D20: =IFERROR(B20/SUM(B$8:B$20),0) -> 0
A21: TOTALS | B21: =SUM(B8:B20) -> 0 | C21: =SUM(C8:C20) -> 2 | D21: =100% -> 1
A23: USAGE BY YEAR
A24: Fiscal Year | B24: R410A (lbs) | C24: R22 (lbs) | D24: R404A (lbs) | E24: R134A (lbs) | F24: R22+Subs (lbs) | G24: Other (lbs) | H24: TOTAL (lbs)
A25: FY2024 | B25: =IFERROR(SUMPRODUCT(('Usage Log'!I$6:I$1005="FY2024")*('Usage Log'!B$6:B$1005="R410A")*('Usage Log'!C$6:C$1005)),0) -> 0 | C25: =IFERROR(SUMPRODUCT(('Usage Log'!I$6:I$1005="FY2024")*('Usage Log'!B$6:B$1005="R22")*('Usage Log'!C$6:C$1005)),0) -> 0 | D25: =IFERROR(SUMPRODUCT(('Usage Log'!I$6:I$1005="FY2024")*('Usage Log'!B$6:B$1005="R404A")*('Usage Log'!C$6:C$1005)),0) -> 0 | E25: =IFERROR(SUMPRODUCT(('Usage Log'!I$6:I$1005="FY2024")*('Usage Log'!B$6:B$1005="R134A")*('Usage Log'!C$6:C$1005)),0) -> 0 | F25: =IFERROR(SUMPRODUCT(('Usage Log'!I$6:I$1005="FY2024")*(ISNUMBER(MATCH('Usage Log'!B$6:B$1005,{"R22","R407C","R448A","R449A"},0)))*('Usage Log'!C$6:C$1005)),0) -> 0 | G25: =IFERROR(SUMPRODUCT(('Usage Log'!I$6:I$1005="FY2024")*('Usage Log'!C$6:C$1005))-SUM(B25:E25),0) -> 0 | H25: =SUM(B25:G25) -> 0
A26: FY2025 | B26: =IFERROR(SUMPRODUCT(('Usage Log'!I$6:I$1005="FY2025")*('Usage Log'!B$6:B$1005="R410A")*('Usage Log'!C$6:C$1005)),0) -> 0 | C26: =IFERROR(SUMPRODUCT(('Usage Log'!I$6:I$1005="FY2025")*('Usage Log'!B$6:B$1005="R22")*('Usage Log'!C$6:C$1005)),0) -> 0 | D26: =IFERROR(SUMPRODUCT(('Usage Log'!I$6:I$1005="FY2025")*('Usage Log'!B$6:B$1005="R404A")*('Usage Log'!C$6:C$1005)),0) -> 0 | E26: =IFERROR(SUMPRODUCT(('Usage Log'!I$6:I$1005="FY2025")*('Usage Log'!B$6:B$1005="R134A")*('Usage Log'!C$6:C$1005)),0) -> 0 | F26: =IFERROR(SUMPRODUCT(('Usage Log'!I$6:I$1005="FY2025")*(ISNUMBER(MATCH('Usage Log'!B$6:B$1005,{"R22","R407C","R448A","R449A"},0)))*('Usage Log'!C$6:C$1005)),0) -> 0 | G26: =IFERROR(SUMPRODUCT(('Usage Log'!I$6:I$1005="FY2025")*('Usage Log'!C$6:C$1005))-SUM(B26:E26),0) -> 0 | H26: =SUM(B26:G26) -> 0
A27: FY2026 | B27: =IFERROR(SUMPRODUCT(('Usage Log'!I$6:I$1005="FY2026")*('Usage Log'!B$6:B$1005="R410A")*('Usage Log'!C$6:C$1005)),0) -> 0 | C27: =IFERROR(SUMPRODUCT(('Usage Log'!I$6:I$1005="FY2026")*('Usage Log'!B$6:B$1005="R22")*('Usage Log'!C$6:C$1005)),0) -> 0 | D27: =IFERROR(SUMPRODUCT(('Usage Log'!I$6:I$1005="FY2026")*('Usage Log'!B$6:B$1005="R404A")*('Usage Log'!C$6:C$1005)),0) -> 0 | E27: =IFERROR(SUMPRODUCT(('Usage Log'!I$6:I$1005="FY2026")*('Usage Log'!B$6:B$1005="R134A")*('Usage Log'!C$6:C$1005)),0) -> 0 | F27: =IFERROR(SUMPRODUCT(('Usage Log'!I$6:I$1005="FY2026")*(ISNUMBER(MATCH('Usage Log'!B$6:B$1005,{"R22","R407C","R448A","R449A"},0)))*('Usage Log'!C$6:C$1005)),0) -> 0 | G27: =IFERROR(SUMPRODUCT(('Usage Log'!I$6:I$1005="FY2026")*('Usage Log'!C$6:C$1005))-SUM(B27:E27),0) -> 0 | H27: =SUM(B27:G27) -> 0
A28: FY2027 | B28: =IFERROR(SUMPRODUCT(('Usage Log'!I$6:I$1005="FY2027")*('Usage Log'!B$6:B$1005="R410A")*('Usage Log'!C$6:C$1005)),0) -> 0 | C28: =IFERROR(SUMPRODUCT(('Usage Log'!I$6:I$1005="FY2027")*('Usage Log'!B$6:B$1005="R22")*('Usage Log'!C$6:C$1005)),0) -> 0 | D28: =IFERROR(SUMPRODUCT(('Usage Log'!I$6:I$1005="FY2027")*('Usage Log'!B$6:B$1005="R404A")*('Usage Log'!C$6:C$1005)),0) -> 0 | E28: =IFERROR(SUMPRODUCT(('Usage Log'!I$6:I$1005="FY2027")*('Usage Log'!B$6:B$1005="R134A")*('Usage Log'!C$6:C$1005)),0) -> 0 | F28: =IFERROR(SUMPRODUCT(('Usage Log'!I$6:I$1005="FY2027")*(ISNUMBER(MATCH('Usage Log'!B$6:B$1005,{"R22","R407C","R448A","R449A"},0)))*('Usage Log'!C$6:C$1005)),0) -> 0 | G28: =IFERROR(SUMPRODUCT(('Usage Log'!I$6:I$1005="FY2027")*('Usage Log'!C$6:C$1005))-SUM(B28:E28),0) -> 0 | H28: =SUM(B28:G28) -> 0
A29: FY2028 | B29: =IFERROR(SUMPRODUCT(('Usage Log'!I$6:I$1005="FY2028")*('Usage Log'!B$6:B$1005="R410A")*('Usage Log'!C$6:C$1005)),0) -> 0 | C29: =IFERROR(SUMPRODUCT(('Usage Log'!I$6:I$1005="FY2028")*('Usage Log'!B$6:B$1005="R22")*('Usage Log'!C$6:C$1005)),0) -> 0 | D29: =IFERROR(SUMPRODUCT(('Usage Log'!I$6:I$1005="FY2028")*('Usage Log'!B$6:B$1005="R404A")*('Usage Log'!C$6:C$1005)),0) -> 0 | E29: =IFERROR(SUMPRODUCT(('Usage Log'!I$6:I$1005="FY2028")*('Usage Log'!B$6:B$1005="R134A")*('Usage Log'!C$6:C$1005)),0) -> 0 | F29: =IFERROR(SUMPRODUCT(('Usage Log'!I$6:I$1005="FY2028")*(ISNUMBER(MATCH('Usage Log'!B$6:B$1005,{"R22","R407C","R448A","R449A"},0)))*('Usage Log'!C$6:C$1005)),0) -> 0 | G29: =IFERROR(SUMPRODUCT(('Usage Log'!I$6:I$1005="FY2028")*('Usage Log'!C$6:C$1005))-SUM(B29:E29),0) -> 0 | H29: =SUM(B29:G29) -> 0
A30: ALL FY TOTAL | B30: =SUM(B25:B29) -> 0 | C30: =SUM(C25:C29) -> 0 | D30: =SUM(D25:D29) -> 0 | E30: =SUM(E25:E29) -> 0 | F30: =SUM(F25:F29) -> 0 | G30: =SUM(G25:G29) -> 0 | H30: =SUM(H25:H29) -> 0
A32: ⚠ REGULATORY THRESHOLD REMINDER: EPA Section 608 requires recordkeeping when purchasing >2 lbs of refrigerant. Purchases of SUBSTITUTE refrigerants for equipment ≥50 lbs capacity exceeding 50 lbs/yr must be reported. High-GWP refrigerants (R410A, R404A, R134A) are subject to phase-down under the AIM Act (40 CFR Part 84). Consult the Regulatory Reference tab for full citations. Review totals quarterly.

Sheet Refrigerant Reference
A1: REFRIGERANT QUICK-REFERENCE & HAZARD GUIDE
A2: For informational use only. Consult current SDS, EPA guidance, and a licensed professional for compliance determinations.
A4: Refrigerant | B4: Chemical Name / Blend | C4: GWP (AR5) | D4: ODP | E4: ASHRAE Safety Class | F4: AIM Act Status | G4: Primary Hazards | H4: Safe Handling Requirements | I4: Regulatory Notes
A5: R410A | B5: HFC blend (R32/R125 50/50) | C5: 2088 | D5: 0 | E5: A1 | F5: Phase-down | G5: Asphyxiant; pressurized cylinder; rapid release → frostbite; non-flammable | H5: EPA 608 cert required; recover before service; cylinder storage upright; PPE: gloves, eye protection | I5: AIM Act phase-down active; high-GWP HFC; 40 CFR Part 84
A6: R22 | B6: HCFC-22 / Chlorodifluoromethane | C6: 1760 | D6: 0.055 | E6: A1 | F6: Phased out (new) | G6: Asphyxiant; ODS; high-pressure cylinder; frostbite on skin contact; HCl & HF formed in fire | H6: Purchase restricted to servicing existing equipment; EPA 608 cert required; SCBAin confined space | I6: Clean Air Act §605–608; no new R22 equip after 2010; reclaimed only
A7: R404A | B7: HFC blend (R125/R143a/R134a) | C7: 3922 | D7: 0 | E7: A1 | F7: Phase-down | G7: Asphyxiant; extremely high GWP; frostbite; non-flammable | H7: EPA 608 cert required; recovery mandatory; high-GWP substitute: use R448A/R449A where possible | I7: AIM Act phase-down; highest-GWP common blend; sector restrictions in effect
A8: R134a | B8: HFC-134a / 1,1,1,2-Tetrafluoroethane | C8: 1430 | D8: 0 | E8: A1 | F8: Phase-down | G8: Asphyxiant; moderately high GWP; frostbite; decomposes in flame | H8: EPA 608 cert required; recover before servicing; store cylinders in cool ventilated area | I8: AIM Act restrictions; used in chillers & automotive AC
A9: R507A | B9: HFC blend (R125/R143a 50/50) | C9: 3985 | D9: 0 | E9: A1 | F9: Phase-down | G9: Asphyxiant; very high GWP; frostbite; non-flammable | H9: EPA 608 cert required; transition to lower-GWP refrigerants recommended | I9: AIM Act phase-down; often replaced by R448A/R449A
A10: R32 | B10: HFC-32 / Difluoromethane | C10: 675 | D10: 0 | E10: A2L | F10: Lower GWP option | G10: Mildly flammable (A2L); asphyxiant; frostbite; requires ignition-source controls | H10: Use only equipment rated for A2L; no open flames during service; leak detection recommended | I10: EPA SNAP listed; lower GWP alternative to R410A; AIM Act compliant
A11: R407C | B11: HFC blend (R32/R125/R134a) | C11: 1774 | D11: 0 | E11: A1 | F11: Phase-down | G11: Asphyxiant; high GWP; frostbite; zeotropic blend (fractionation risk) | H11: Charge as liquid; EPA 608 cert required; do not top-off fractionated charge | I11: Drop-in for R22 in some apps; subject to AIM Act
A12: R448A | B12: HFC/HFO blend (Solstice N40) | C12: 1387 | D12: 0 | E12: A1 | F12: Acceptable substitute | G12: Asphyxiant; lower GWP than R404A; frostbite; non-flammable | H12: EPA SNAP accepted substitute for R404A; EPA 608 cert required | I12: EPA SNAP acceptable (commercial refrigeration); preferred over R404A
A13: R449A | B13: HFC/HFO blend (Opteon XP40) | C13: 1397 | D13: 0 | E13: A1 | F13: Acceptable substitute | G13: Asphyxiant; lower GWP than R404A; frostbite; non-flammable | H13: EPA SNAP accepted substitute for R404A; EPA 608 cert required | I13: EPA SNAP acceptable; lower GWP alternative; preferred over R404A
A14: R1234yf | B14: HFO-1234yf / 2,3,3,3-Tetrafluoropropene | C14: 4 | D14: 0 | E14: A2L | F14: AIM Act compliant | G14: Mildly flammable (A2L); ultra-low GWP; toxic decomposition (HF) in fire | H14: Automotive use primarily; A2L protocols; fire extinguisher at workstation; PPE required | I14: SAE J639 handling reqs; SNAP approved for automotive; very low GWP
A15: R1234ze | B15: HFO-1234ze / trans-1,3,3,3-Tetrafluoropropene | C15: 7 | D15: 0 | E15: A2L | F15: AIM Act compliant | G15: Mildly flammable (A2L); ultra-low GWP; toxic decomposition products in fire | H15: A2L handling protocols required; ventilation; no open flames; chiller application | I15: SNAP approved; replacing R134a in chillers; very low GWP
A16: R290 | B16: Propane (HC-290) | C16: 3 | D16: 0 | E16: A3 | F16: AIM Act compliant | G16: Highly flammable (A3); explosion risk; asphyxiant at high concentrations | H16: Strictly limited charge size (<150g in self-contained equip); no ignition sources; explosion-proof tools required | I16: SNAP approved for specific applications only; limited charge sizes mandated
A18: GWP Key: 🔴 >2000 = Very High (phase-down priority) 🟠 501–2000 = High 🟢 ≤500 = Low / AIM Act compliant preferred | ODP = Ozone Depletion Potential (0 = no ozone impact) | ASHRAE A = Low toxicity | 1 = Non-flammable | 2L = Mildly flammable | 3 = Highly flammable
A19: ASHRAE Safety Classes — A1: Low toxicity / Non-flammable A2L: Low toxicity / Mildly flammable (low burning velocity) A2: Low toxicity / Flammable A3: Low toxicity / Highly flammable B1/B2/B3: Higher toxicity variants

Sheet Regulatory Reference
A1: REGULATORY REFERENCE — REFRIGERANT COMPLIANCE
A2: For informational use only. Consult licensed professionals and current regulatory text for compliance determinations.
A4: EPA Section 608 — Refrigerant Management
A5: Regulation / Standard | B5: Citation | C5: Agency | D5: Key Requirements | E5: Non-Compliance Consequence
A6: EPA Section 608 Refrigerant Management | B6: Clean Air Act §608 40 CFR Part 82, Subpart F | C6: U.S. EPA | D6: • Prohibits venting of ozone-depleting and substitute refrigerants • Technicians must hold EPA 608 certification • Leak inspection required at ≥35% annual leak rate (comfort/commercial) or ≥15% (industrial) • Records required for purchases of >2 lbs: date, amount, equipment info • Recovery required before any service, repair, or disposal • Records retained minimum 3 years | E6: Civil penalties up to $44,539 per day per violation (inflation-adjusted)
A7: AIM Act — HFC Phase-Down
A8: Regulation / Standard | B8: Citation | C8: Agency | D8: Key Requirements | E8: Non-Compliance Consequence
A9: AIM Act HFC Phase-Down Program | B9: AIM Act (Pub. L. 117-8) 40 CFR Part 84 | C9: U.S. EPA | D9: • Authorizes EPA to phase down production and consumption of HFCs • R410A, R404A, R134a, R507A are high-GWP HFCs subject to phase-down • Allowance system limits HFC production/import over time • Sector-specific restrictions on use of certain HFCs in new equipment • Technician certification and recordkeeping requirements extended • Monitor EPA for annual allowance and sector rule updates | E9: Fines and loss of allowances for non-compliant purchase or use of restricted HFCs
A10: OSHA — Hazard Communication (HazCom)
A11: Regulation / Standard | B11: Citation | C11: Agency | D11: Key Requirements | E11: Non-Compliance Consequence
A12: OSHA HazCom Standard | B12: 29 CFR 1910.1200 | C12: OSHA | D12: • Safety Data Sheets (SDS) required for all refrigerants and must be accessible • Containers must be labeled per GHS format • Annual HazCom training required for all affected employees • Training records must be retained • Employees must understand refrigerant hazards: asphyxiation, frostbite, pressure | E12: Citations up to $16,131 per serious violation; willful/repeat up to $161,323
A13: DOT — Hazardous Materials Transportation
A14: Regulation / Standard | B14: Citation | C14: Agency | D14: Key Requirements | E14: Non-Compliance Consequence
A15: DOT Hazardous Materials Transportation | B15: 49 CFR Parts 171–173 | C15: DOT / PHMSA | D15: • Refrigerant cylinders transported on public roads are regulated hazmat • Cylinders must be DOT-approved and within hydrostatic test date • Proper shipping name and UN number required on packaging/shipping papers • Quantity thresholds determine whether full Hazmat shipping papers are required • Hazmat driver training required above de minimis quantities | E15: Civil penalties up to $82,112 per violation per day; criminal penalties for willful violations
A16: EPA SNAP — Substitute Refrigerants
A17: Regulation / Standard | B17: Citation | C17: Agency | D17: Key Requirements | E17: Non-Compliance Consequence
A18: EPA SNAP Program Substitute Refrigerant Approval | B18: 40 CFR Part 82, Subpart G | C18: U.S. EPA | D18: • Only EPA SNAP-listed substitutes may be used in place of regulated refrigerants • Some substitutes acceptable only under specific conditions of use • R448A and R449A listed as acceptable substitutes for R404A in many applications • R32 and HFO blends listed for specific end-uses • Consult SNAP list before selecting any drop-in or retrofit refrigerant | E18: Use of SNAP-unacceptable refrigerant can result in Clean Air Act enforcement action
A19: ASHRAE Standard 15 — Mechanical Refrigeration Safety
A20: Regulation / Standard | B20: Citation | C20: Agency | D20: Key Requirements | E20: Non-Compliance Consequence
A21: ASHRAE Standard 15 Refrigeration Safety | B21: ASHRAE Standard 15 (current edition) | C21: ASHRAE | D21: • Refrigerant detectors required in machinery rooms at threshold concentrations • Adequate ventilation required for refrigerant storage and machinery rooms • Pressure relief valves required and must discharge to a safe location • Periodic inspection per manufacturer and standard requirements • Safety class of refrigerant determines machinery room requirements | E21: Non-compliance creates liability; referenced by local building codes and AHJs
A23: QUICK REFERENCE LINKS
A24: EPA Section 608 Refrigerant Management | D24: https://www.epa.gov/section608
A25: AIM Act HFC Phase-Down Program | D25: https://www.epa.gov/climate-hfcs-reduction
A26: EPA SNAP Acceptable Refrigerants | D26: https://www.epa.gov/snap/snap-regulations
A27: OSHA HazCom Standard (29 CFR 1910.1200) | D27: https://www.osha.gov/hazcom
A28: DOT Hazardous Materials Regulations | D28: https://www.phmsa.dot.gov/regulations
A29: ASHRAE Standard 15 | D29: https://www.ashrae.org/technical-resources/bookstore/standards-15-34

Sheet Emergency Contacts
A1: EMERGENCY CONTACTS — REFRIGERANT SYSTEMS
A2: Post prominently near refrigerant systems. Verify all contacts annually. Last reviewed: [Date]
A4: 🚨 EMERGENCY RESPONSE — 24-HOUR HOTLINES
A5: Contact / Agency | B5: Primary Phone | C5: Secondary Phone | D5: Notes / Role
A6: CHEMTREC (24-hr Chemical Emergency) | B6: 1-800-424-9300 | C6: 1-703-527-3887 | D6: International/24-hr hazmat response — call immediately for chemical release
A7: National Response Center (NRC) | B7: 1-800-424-8802 | D7: Federal spill/release reporting hotline — required for federal facilities
A8: Poison Control Center | B8: 1-800-222-1222 | D8: Ingestion / inhalation exposure guidance
A9: Local Fire & Hazmat | B9: 9-1-1 | C9: [Local non-emergency] | D9: Structural / chemical emergency response
A10: State Environmental Emergency Hotline | B10: [Enter number] | D10: State-level release / spill notification
A12: 🏢 FACILITY & EHS CONTACTS
A13: Contact / Agency | B13: Primary Phone | C13: Secondary Phone | D13: Notes / Role
A14: EHS Department — Primary | B14: [Enter Name] | C14: [Enter Phone] | D14: First point of contact for refrigerant incidents
A15: EHS Department — Backup | B15: [Enter Name] | C15: [Enter Phone] | D15: Secondary EHS contact
A16: Facility Manager | B16: [Enter Name] | C16: [Enter Phone] | D16: Facility-level authority
A17: Safety Officer | B17: [Enter Name] | C17: [Enter Phone] | D17: On-site safety authority
A18: Environmental / Compliance | B18: [Enter Name] | C18: [Enter Phone] | D18: Regulatory reporting and compliance oversight
A20: 🔧 HVAC CONTRACTORS & REFRIGERANT VENDORS
A21: Contact / Agency | B21: Primary Phone | C21: Secondary Phone | D21: Notes / Role
A22: Primary HVAC Contractor | B22: [Enter Company] | C22: [Enter Phone] | D22: Certified refrigerant handling — EPA Section 608
A23: Backup HVAC / Emergency Repairs | B23: [Enter Company] | C23: [Enter Phone] | D23: On-call for after-hours or emergency response
A24: Refrigerant Supplier | B24: [Enter Company] | C24: [Enter Phone] | D24: Supply, manifests, and SDS source
A25: Refrigerant Reclaim Facility | B25: [Enter Company] | C25: [Enter Phone] | D25: EPA-certified reclaimer for recovered refrigerant
A27: 🏥 MEDICAL FACILITIES
A28: Contact / Agency | B28: Primary Phone | C28: Secondary Phone | D28: Notes / Role
A29: Nearest Emergency Department | B29: [Enter Hospital Name] | C29: [Enter Phone] | D29: [Enter Address]
A30: Occupational Health / Clinic | B30: [Enter Clinic Name] | C30: [Enter Phone] | D30: On-site or nearby occupational health provider
A31: Poison Control Center | B31: 1-800-222-1222 | D31: Exposure / ingestion guidance
A33: ⚠ Review and update all contact information at least annually or upon personnel / contractor changes. Verify numbers before an emergency. This form does not replace facility-specific emergency response plans (ERPs).

Sheet Audit Log
A1: AUDIT LOG — REFRIGERANT USAGE WORKBOOK
A2: Record all changes, reviews, and approvals. Retain for minimum 3 years (EPA §608 recordkeeping requirement).
A4: Date | B4: Action Type | C4: Modified By | D4: Reviewed / Approved By | E4: Description of Change / Note
B5: Workbook Created | C5: [Your Name] | D5: — | E5: Initial workbook setup. Enter your organization name on Usage Log tab. Clear placeholder rows before entering real data.
