Workbook

Sheet Dashboard
B2: SDS TRACKING WORKBOOK
B4: Safety Data Sheet Compliance Tracking
B7: PROGRAM SUMMARY
B8: Total SDS Logged | C8: SDS Present | D8: SDS Missing | E8: % Compliant | F8: Locations Tracked | G8: Open Corrective Actions | H8: Last Inspection Date
B9: =COUNTA('SDS Log'!A4:A1003)-COUNTBLANK('SDS Log'!A4:A1003) -> -900 | C9: =COUNTIF('SDS Log'!H4:H1003,"Yes") -> 0 | D9: =COUNTIF('SDS Log'!H4:H1003,"No") -> 0 | E9: =IFERROR(COUNTIF('SDS Log'!H4:H1003,"Yes")/COUNTA('SDS Log'!A4:A1003),0) -> 0 | F9: =IFERROR(SUMPRODUCT((1/COUNTIF('SDS Log'!D4:D1003,'SDS Log'!D4:D1003))*('SDS Log'!D4:D1003<>"")),0) -> 0 | G9: =COUNTIFS('SDS Log'!N4:N1003,"<>",'SDS Log'!O4:O1003,"Open") -> 0 | H9: =IFERROR(TEXT(MAX('Audit Log'!B4:B1003),"MM/DD/YYYY"),"—") -> 12/30/1899
B12: HOW TO USE THIS WORKBOOK
B13: SDS Log | D13: The primary data entry sheet. Log every chemical product, its storage location, SDS status, and key dates. One row per chemical per location.
B14: Field Inspection Checklist | D14: Print this tab before walking chemical storage areas. Check off each chemical on-site. Designed for clipboard use — clean, no color ink required.
B15: Audit Log | D15: Record each inspection event: date, inspector, locations covered, and overall findings. One row per inspection.
B16: Corrective Actions | D16: Track any deficiencies found during inspections — missing SDS, inaccessible binders, outdated versions. Assign ownership and due dates.
B17: Regulatory References | D17: OSHA HazCom / GHS citations, SDS section requirements, and key compliance thresholds for quick field reference.
B18: Contacts | D18: Emergency contacts, chemical supplier SDS contacts, and internal EHS contacts. Update before each inspection cycle.
B20: EHS Stack | Free & Open Source | github.com/EHS-Stack | Always verify compliance requirements against current federal and state regulations.

Sheet SDS Log
A1: SDS LOG — Safety Data Sheet Compliance Record
A2: Enter one row per chemical per storage location. Update 'Date Last Verified' each time an SDS is confirmed present and current.
A3: # | B3: Chemical / Product Name | C3: Manufacturer | D3: Storage Location | E3: Sub-Location / Area | F3: SDS Version Date | G3: Date Last Verified | H3: SDS Present? (Yes/No) | I3: SDS Format | J3: GHS Pictograms on Label? | K3: SDS Revision Required? | L3: SDS Binder / File Location | M3: Language Available | N3: Notes / Observations | O3: Corrective Action Required? | P3: Corrective Action Description | Q3: CA Status
A4: =IF(B4<>"",ROW()-3,"")
A5: =IF(B5<>"",ROW()-3,"")
A6: =IF(B6<>"",ROW()-3,"")
A7: =IF(B7<>"",ROW()-3,"")
A8: =IF(B8<>"",ROW()-3,"")
A9: =IF(B9<>"",ROW()-3,"")
A10: =IF(B10<>"",ROW()-3,"")
A11: =IF(B11<>"",ROW()-3,"")
A12: =IF(B12<>"",ROW()-3,"")
A13: =IF(B13<>"",ROW()-3,"")
A14: =IF(B14<>"",ROW()-3,"")
A15: =IF(B15<>"",ROW()-3,"")
... A103: =IF(B103<>"",ROW()-3,"")

Sheet Field Inspection Checklist
A1: FIELD INSPECTION CHECKLIST — Safety Data Sheet (SDS) Verification
A2: Inspection Date: | E2: Inspector Name: | J2: Department / Area:
A3: Location(s) Covered: | G3: Supervisor Notified: | J3: Corrective Actions Noted:
A4: INSTRUCTIONS: Walk each chemical storage area. For each chemical listed below, confirm the SDS is physically present, current (within 5 years or per manufacturer update), accessible, and in the required language(s). Circle or check each field. Note any deficiencies in the 'Notes' column and report via Corrective Actions tab.
A5: # | B5: Chemical / Product Name | C5: Manufacturer | D5: Storage Location | E5: Sub-Location / Area | F5: SDS Present? Y / N | G5: Label Intact? Y / N | H5: GHS Symbols? Y / N | I5: Binder / File OK? Y / N | J5: Date Verified | K5: Inspector Initials | L5: Action Needed? | M5: Notes
A6: =IF('SDS Log'!B4<>"",ROW()-5,"") | B6: ='SDS Log'!B4 -> 0 | C6: ='SDS Log'!C4 -> 0 | D6: ='SDS Log'!D4 -> 0 | E6: ='SDS Log'!E4 -> 0
A7: =IF('SDS Log'!B5<>"",ROW()-5,"") | B7: ='SDS Log'!B5 -> 0 | C7: ='SDS Log'!C5 -> 0 | D7: ='SDS Log'!D5 -> 0 | E7: ='SDS Log'!E5 -> 0
A8: =IF('SDS Log'!B6<>"",ROW()-5,"") | B8: ='SDS Log'!B6 -> 0 | C8: ='SDS Log'!C6 -> 0 | D8: ='SDS Log'!D6 -> 0 | E8: ='SDS Log'!E6 -> 0
A9: =IF('SDS Log'!B7<>"",ROW()-5,"") | B9: ='SDS Log'!B7 -> 0 | C9: ='SDS Log'!C7 -> 0 | D9: ='SDS Log'!D7 -> 0 | E9: ='SDS Log'!E7 -> 0
A10: =IF('SDS Log'!B8<>"",ROW()-5,"") | B10: ='SDS Log'!B8 -> 0 | C10: ='SDS Log'!C8 -> 0 | D10: ='SDS Log'!D8 -> 0 | E10: ='SDS Log'!E8 -> 0
A11: =IF('SDS Log'!B9<>"",ROW()-5,"") | B11: ='SDS Log'!B9 -> 0 | C11: ='SDS Log'!C9 -> 0 | D11: ='SDS Log'!D9 -> 0 | E11: ='SDS Log'!E9 -> 0
A12: =IF('SDS Log'!B10<>"",ROW()-5,"") | B12: ='SDS Log'!B10 -> 0 | C12: ='SDS Log'!C10 -> 0 | D12: ='SDS Log'!D10 -> 0 | E12: ='SDS Log'!E10 -> 0
A13: =IF('SDS Log'!B11<>"",ROW()-5,"") | B13: ='SDS Log'!B11 -> 0 | C13: ='SDS Log'!C11 -> 0 | D13: ='SDS Log'!D11 -> 0 | E13: ='SDS Log'!E11 -> 0
A14: =IF('SDS Log'!B12<>"",ROW()-5,"") | B14: ='SDS Log'!B12 -> 0 | C14: ='SDS Log'!C12 -> 0 | D14: ='SDS Log'!D12 -> 0 | E14: ='SDS Log'!E12 -> 0
A15: =IF('SDS Log'!B13<>"",ROW()-5,"") | B15: ='SDS Log'!B13 -> 0 | C15: ='SDS Log'!C13 -> 0 | D15: ='SDS Log'!D13 -> 0 | E15: ='SDS Log'!E13 -> 0
A16: =IF('SDS Log'!B14<>"",ROW()-5,"") | B16: ='SDS Log'!B14 -> 0 | C16: ='SDS Log'!C14 -> 0 | D16: ='SDS Log'!D14 -> 0 | E16: ='SDS Log'!E14 -> 0
A17: =IF('SDS Log'!B15<>"",ROW()-5,"") | B17: ='SDS Log'!B15 -> 0 | C17: ='SDS Log'!C15 -> 0 | D17: ='SDS Log'!D15 -> 0 | E17: ='SDS Log'!E15 -> 0
... A105: =IF('SDS Log'!B103<>"",ROW()-5,"") | B105: ='SDS Log'!B103 -> 0 | C105: ='SDS Log'!C103 -> 0 | D105: ='SDS Log'!D103 -> 0 | E105: ='SDS Log'!E103 -> 0
A107: EHS Stack | github.com/EHS-Stack | Free & Open Source | Verify SDS requirements against 29 CFR 1910.1200 and applicable state regulations.
A109: Inspector Signature: | E109: Date: | I109: Supervisor Review / Signature:

Sheet Audit Log
A1: AUDIT LOG — SDS Inspection Event Record
A2: Record one row per inspection event. Each inspection should cover all chemical storage areas or a defined subset. Document all findings.
A3: # | B3: Inspection Date | C3: Inspector Name | D3: Location(s) Inspected | E3: Total SDS Checked | F3: SDS Present Count | G3: SDS Missing Count | H3: % Compliance (This Inspection) | I3: Deficiencies / Findings | J3: Corrective Actions Initiated? | K3: Follow-Up Date | L3: Inspection Status
A4: =IF(B4<>"",ROW()-3,"") | H4: =IFERROR(F4/E4,"")
A5: =IF(B5<>"",ROW()-3,"") | H5: =IFERROR(F5/E5,"")
A6: =IF(B6<>"",ROW()-3,"") | H6: =IFERROR(F6/E6,"")
A7: =IF(B7<>"",ROW()-3,"") | H7: =IFERROR(F7/E7,"")
A8: =IF(B8<>"",ROW()-3,"") | H8: =IFERROR(F8/E8,"")
A9: =IF(B9<>"",ROW()-3,"") | H9: =IFERROR(F9/E9,"")
A10: =IF(B10<>"",ROW()-3,"") | H10: =IFERROR(F10/E10,"")
A11: =IF(B11<>"",ROW()-3,"") | H11: =IFERROR(F11/E11,"")
A12: =IF(B12<>"",ROW()-3,"") | H12: =IFERROR(F12/E12,"")
A13: =IF(B13<>"",ROW()-3,"") | H13: =IFERROR(F13/E13,"")
A14: =IF(B14<>"",ROW()-3,"") | H14: =IFERROR(F14/E14,"")
A15: =IF(B15<>"",ROW()-3,"") | H15: =IFERROR(F15/E15,"")
... A103: =IF(B103<>"",ROW()-3,"") | H103: =IFERROR(F103/E103,"")

Sheet Corrective Actions
A1: CORRECTIVE ACTIONS — SDS Deficiency Tracker
A2: Log every SDS deficiency identified during inspections. Track corrective actions to closure. Open items will surface on the Dashboard.
A3: # | B3: Date Identified | C3: Chemical / Product Name | D3: Storage Location | E3: Deficiency Description | F3: Corrective Action Required | G3: Assigned To | H3: Due Date | I3: Date Completed | J3: Verified By | K3: Status | L3: Notes / Follow-Up
A4: =IF(B4<>"",ROW()-3,"")
A5: =IF(B5<>"",ROW()-3,"")
A6: =IF(B6<>"",ROW()-3,"")
A7: =IF(B7<>"",ROW()-3,"")
A8: =IF(B8<>"",ROW()-3,"")
A9: =IF(B9<>"",ROW()-3,"")
A10: =IF(B10<>"",ROW()-3,"")
A11: =IF(B11<>"",ROW()-3,"")
A12: =IF(B12<>"",ROW()-3,"")
A13: =IF(B13<>"",ROW()-3,"")
A14: =IF(B14<>"",ROW()-3,"")
A15: =IF(B15<>"",ROW()-3,"")
... A103: =IF(B103<>"",ROW()-3,"")

Sheet Regulatory References
A1: REGULATORY REFERENCES — HazCom / SDS Compliance
A2: REGULATION / STANDARD | B2: CITATION | C2: TOPIC | D2: KEY REQUIREMENT | E2: APPLICABILITY | F2: NOTES
A3: OSHA Hazard Communication Standard | B3: 29 CFR 1910.1200 | C3: SDS Requirement | D3: Employers must ensure SDS are accessible to employees for all hazardous chemicals in the workplace during each work shift. | E3: General Industry | F3: Minimum: one SDS per hazardous chemical, accessible at all times
A4: OSHA HazCom — SDS Format | B4: 29 CFR 1910.1200(g) | C4: 16-Section Format | D4: SDS must follow the ANSI/ISO 16-section GHS format. Sections must be in specified order and include all required information. | E4: All employers with hazardous chemicals | F4: SDS sections: 1-ID, 2-Hazards, 3-Composition, 4-First Aid, 5-Fire, 6-Accidental Release, 7-Handling, 8-Exposure, 9-Physical, 10-Reactivity, 11-Tox, 12-Ecological, 13-Disposal, 14-Transport, 15-Regulatory, 16-Other
A5: OSHA HazCom — Labels | B5: 29 CFR 1910.1200(f) | C5: GHS Labeling | D5: Chemical containers must bear GHS-compliant labels including product identifier, signal word, hazard/precautionary statements, and pictograms. | E5: All employers | F5: Verify labels are intact and legible during SDS inspections
A6: OSHA HazCom — Training | B6: 29 CFR 1910.1200(h) | C6: Employee Training | D6: Employees must be trained on how to use the SDS and where to find them before initial assignment and when new hazards are introduced. | E6: All employers | F6: Document training dates and refreshers in Training Records
A7: OSHA HazCom — Written Program | B7: 29 CFR 1910.1200(e) | C7: Written HazCom Program | D7: Employers must maintain a written Hazard Communication Program listing all hazardous chemicals and detailing SDS access procedures. | E7: All employers with hazardous chemicals | F7: SDS log supports the written program requirement
A8: GHS — Globally Harmonized System | B8: UN GHS (Rev. 9) | C8: International Standard | D8: GHS standardizes classification and labeling of chemicals globally. OSHA HazCom 2012 aligned U.S. requirements with GHS. | E8: Reference standard | F8: SDS date of revision should be noted — check for updates every 3-5 years or when manufacturer revises
A9: OSHA Retention — SDS Records | B9: 29 CFR 1910.1020 | C9: Record Retention | D9: SDS for substances to which employees may have been exposed must be retained for 30 years following the last date of employee exposure. | E9: All employers | F9: Maintain archive SDS separately from active inventory
A10: OSHA Construction HazCom | B10: 29 CFR 1926.59 | C10: Construction Industry | D10: Applies HazCom requirements (including SDS access) to construction worksites. Requirements mirror 1910.1200. | E10: Construction employers | F10: Field SDS binders must travel with crews to remote sites
A11: EPA SARA Title III / EPCRA | B11: 40 CFR Part 370 | C11: Community Right-to-Know | D11: Facilities with hazardous chemicals above threshold quantities must submit SDS (or chemical lists) to local emergency planning committees (LEPCs). | E11: Facilities meeting threshold quantities | F11: Consult EHS counsel for reporting thresholds
A12: DOT Hazardous Materials | B12: 49 CFR Parts 171-180 | C12: Transportation | D12: SDS required to accompany hazardous material shipments in some modes. Verify with freight/shipping before transport. | E12: Shippers of hazardous materials | F12: SDS content also informs proper DOT classification and labeling
A13: State Regulations — Cal/OSHA | B13: CCR Title 8, §5194 | C13: California HazCom | D13: California adopts federal HazCom with some additions. May include stricter Right-to-Know provisions. | E13: California employers | F13: Check Cal/OSHA and state Right-to-Know laws for your state

Sheet Contacts
A1: CONTACTS — EHS & Chemical Safety Reference
A2: INTERNAL EHS CONTACTS
A3: Role | B3: Name | C3: Phone | D3: Email | E3: Location / Site | F3: Alternate Contact | G3: Notes
A4: EHS Manager
A5: EHS Specialist / Coordinator
A6: Site Safety Officer
A7: Industrial Hygienist
A8: Emergency Response Coordinator
A10: EMERGENCY CONTACTS
A11: Contact / Agency | B11: Name / Number | C11: Phone | D11: Availability | E11: Notes
A12: CHEMTREC (Chemical Emergency) | B12: 1-800-424-9300 | C12: 1-800-424-9300 | D12: 24/7 | E12: International: +1-703-527-3887
A13: Poison Control Center | B13: 1-800-222-1222 | C13: 1-800-222-1222 | D13: 24/7 | E13: U.S. National Poison Hotline
A14: Local Fire Department
A15: Occupational Health / Clinic
A16: Hospital / ER
A18: CHEMICAL SUPPLIER / SDS CONTACTS
A19: Supplier / Manufacturer | B19: Primary Contact | C19: Phone | D19: Email | E19: Chemicals Supplied | F19: SDS Portal URL | G19: Notes
A26: REGULATORY AGENCY CONTACTS
A27: Agency | B27: Program / Office | C27: Phone | D27: Website | E27: Jurisdiction | F27: Primary Contact | G27: Notes
A28: OSHA Federal | B28: Hazard Communication | C28: 1-800-321-OSHA | D28: osha.gov | E28: Federal
A29: State OSHA Plan (if applicable)
A30: EPA Regional Office | B30: EPCRA / Community RTK | D30: epa.gov
A31: State Environmental Agency
A32: Local Emergency Planning Committee (LEPC)

Sheet Instructions & Changelog
A1: INSTRUCTIONS & CHANGELOG
A2: ABOUT THIS WORKBOOK
A3: Purpose | B3: This workbook is designed for EHS professionals who conduct in-person SDS compliance inspections at chemical storage areas. It provides a master SDS log, a printable field checklist, an audit event log, a corrective action tracker, regulatory quick-references, and a contacts directory.
A4: Intended Users | B4: Safety managers, EHS coordinators, industrial hygienists, compliance officers, and any professional responsible for HazCom program management.
A5: No Branding / Open Source | B5: This tool is provided free of charge by EHS Stack (github.com/EHS-Stack). It may be freely used, modified, and distributed. No warranty is expressed or implied.
A7: STEP-BY-STEP SETUP
A8: Step 1 | B8: Go to the Contacts tab. Enter your internal EHS team, emergency contacts, and key supplier SDS contacts.
A9: Step 2 | B9: Go to the SDS Log tab. Enter every hazardous chemical in your facility — one row per chemical per storage location. Include the SDS version date and where the SDS is stored.
A10: Step 3 | B10: Before each inspection, go to the Field Inspection Checklist tab and print it (File > Print). The checklist will automatically populate from your SDS Log.
A11: Step 4 | B11: Walk each chemical storage area with the printed checklist. Check SDS presence, label condition, GHS symbols, and binder organization. Note deficiencies.
A12: Step 5 | B12: Return from the field. Update the SDS Log with any changes found. Log the inspection event in the Audit Log tab.
A13: Step 6 | B13: Enter any deficiencies into the Corrective Actions tab. Assign an owner, due date, and track to closure.
A14: Step 7 | B14: The Dashboard will automatically update based on your SDS Log and Audit Log data.
A16: TIPS FOR FIELD USE
A17: Binder Organization | B17: Physical SDS binders should be organized alphabetically by chemical name or by storage area, whichever matches how you search during emergencies.
A18: SDS Currency | B18: OSHA does not specify a fixed expiration for SDS, but best practice is to verify currency every 3-5 years or when a manufacturer issues a revision. Document version dates.
A19: Digital Access | B19: If SDS are stored digitally (network drive, SDS management system), verify that employees can access them without login barriers during emergencies.
A20: Language Requirements | B20: SDS must be in English. If a workforce includes non-English speakers, consider providing SDS in additional languages as a best practice.
A21: New Chemicals | B21: Add any new chemical to the SDS Log before it enters the facility. Obtain the SDS from the supplier at time of purchase.
A23: CHANGELOG
A24: Version | B24: Date | Author | Change Description
A25: 1.0 | B25: 06/12/2026 | EHS Stack | Initial release
